ID SPSS,Pathology H-Code,Lab-Code (Jansko),Pathology N-Code,Gender,Age at diagnosis,pretreatment cT stage,pretreatment cN stage,posttreatment pT stage,posttreatment pN stage,"posttreatment TNM stage (AJCC 8th edition, 2017)",Dworak tumor regression grade,adjuvant chemotherapy,adjuvant chemotherapy specification,Time interval  from CRT end  to surgery (weeks),RFS (months),"Censor recurrence (0=recurrence, 1=no recurrence)",OS (months),"Censor survival (0=dead, 1=alive)",Internal sample code,Sample_Code Diagnostic_Biopsy,UDI,i5 sequence,i7 sequence,i5 8-string,i7 8-string
18,H22514-14,15,N228_19,male,84,3,negative,2,0,1,2,unknown,NA,60,"29,4",1,327,0,LW-13,H22514-14,13,GATTTCCCCCGA,GCTTTAAAAAGC,GATTTCCC,GCTTTAAA
12,H23574-12,36,N276_19,female,80,3,negative,2,0,1,1,unknown,NA,48,"13,3",1,152,1,LW-30,H23574-12,30,ACAGGACTCTGG,CACGGCATATGG,ACAGGACT,CACGGCAT
45,H03216-14,56,N301_19,female,77,3,negative,3,0,2A,2,unknown,NA,60,"0,0",1,745,1,LW-46,H03216-14,46,CTGTAGTCGCCA,ATGTCGTAGAAC,CTGTAGTC,ATGTCGTA
6,H20640-12,49,N293_19,male,75,3,positive,1,1b,3A,3,unknown,NA,54,"0,0",1,142,1,LW-39,H20640-12,39,TTTGTGGACACG,TTTGTGGCACAG,TTTGTGGA,TTTGTGGC
8,H42414-14,26,N255_19,female,77,3,positive,2,1a,3A,3,unknown,NA,54,"0,0",1,36,1,LW-23,H42414-14,23,TGGAGACTGGGC,TGGCGCATGGGA,TGGAGACT,TGGCGCAT
52,H/2017/6551.100,64,N326_19,male,79,3,negative,2,0,1,3,no,NA,76,"36,9",1,415,1,LW-54,H/2017/6551.100,54,TCCCGGCTAAAA,TAAAGGATCCCC,TCCCGGCT,TAAAGGAT
53,H39013-11,52,N297_19,male,72,3,negative,2,0,1,3,unknown,NA,78,"0,0",1,505,1,LW-42,H39013-11,42,CCGTTGAAGGGG,AAGTTGCCGGGG,CCGTTGAA,AAGTTGCC
46,H35337-14,3,N117_19,female,75,3,positive,2,2a,3B,1,no,NA,63,"7,2",0,324,1,LW-3,H35337-14,3,TTGTCCGATATG,TTGTAAGCTCTG,TTGTCCGA,TTGTAAGC
57,H20497-14,21,N250_19,male,75,3,negative,2,0,1,2,unknown,NA,70,"0,0",1,48,1,LW-19,H20497-14,19,ATTATATCTGAA,CTTCTCTATGCC,ATTATATC,CTTCTCTA
50,H 03353-16,3353 (3),NA,female,76,4,positive,0,0,0,4,unknown,NA,74,"0,0",1,238,1,LW-61,H 03353-16,61,GAAAATTTACGC,GCCCCTTTCAGA,GAAAATTT,GCCCCTTT
13,H21359-13,16,N227_19,female,74,3,negative,2,0,1,2,no,NA,80,"42,7",1,847,1,LW-14,H21359-13,14,CCCAATTTTGCC,AAACCTTTTGAA,CCCAATTT,AAACCTTT
14,H29270-14,14,N229_19,female,75,3,negative,2,0,1,2,no,NA,70,"0,8",1,205,1,LW-12,H29270-14,12,TACGCCCACGTG,TCAGAAACAGTG,TACGCCCA,TCAGAAAC
55,H32151-14,9,N118_19,male,74,3,negative,2,0,1,2,no,NA,68,"36,0",1,589,1,LW-7,H32151-14,7,GAAGGGTAAAGC,GCCGGGTCCCGA,GAAGGGTA,GCCGGGTC
11,H26478-13,34,N274_19,male,72,3,negative,2,0,1,3,yes,capecitabine,64,"78,1",1,812,1,LW-28,H26478-13,28,GACCCGTCTTGA,GCAAAGTATTGC,GACCCGTC,GCAAAGTA
9,H01737-15,44,N282_19,male,73,3,negative,2,0,1,3,unknown,NA,91,"65,6",1,693,1,LW-36,H01737-15,36,GCGCGAAGTTGA,GAGAGCCGTTGC,GCGCGAAG,GAGAGCCG
25,H12022-13,11,N232_19,male,71,3,positive,3,2a,3B,2,yes,capecitabine,73,"63,3",0,786,0,LW-9,H12022-13,9,ATCGACTTGTGT,CTAGCATTGTGT,ATCGACTT,CTAGCATT
42,H36609-14,53,N298_19,male,71,3,positive,3,0,2A,0,unknown,NA,48,"0,0",1,661,1,LW-43,H36609-14,43,CAAGGTCCCCTT,ACCGGTAAAATT,CAAGGTCC,ACCGGTAA
41,H25472-13,59,N323_19,female,69,3,negative,3,0,2A,2,unknown,NA,68,"0,0",1,675,1,LW-49,H25472-13,49,AAAACATGCGTT,CCCCACTGAGTT,AAAACATG,CCCCACTG
51,H02614-16,61,N330_19,male,71,3,positive,2,0,1,1,no,NA,70,"19,5",1,596,1,LW-51,H02614-16,51,CTCTTTAAACAA,ATATTTCCCACC,CTCTTTAA,ATATTTCC
30,H12316-15,27,N256_19,male,69,3,positive,3,1b,3B,3,no,NA,88,"21,2",0,362,1,LW-24,H12316-15,24,CTTACCGGGTAC,ATTCAAGGGTCA,CTTACCGG,ATTCAAGG
4,H29122-13,42,N281_19,male,68,3,positive,1,0,1,1,unknown,NA,66,"0,0",1,781,1,LW-35,H29122-13,35,AGGCTTAATCGG,CGGATTCCTAGG,AGGCTTAA,CGGATTCC
59,H 29031-05,29031 (5),NA,female,59,3,positive,0,0,0,4,no,NA,41,"100,4",1,1784,1,LW-60,H 29031-05,60,GACATTATTCTT,GCACTTCTTATT,GACATTAT,GCACTTCT
24,H35056-13,20,N223_19,male,68,3,positive,3,2b,3C,2,yes,capecitabine,60,"6,6",1,314,1,LW-18,H35056-13,18,AGAGGCCGAACA,CGCGGAAGCCAC,AGAGGCCG,CGCGGAAG
3,H17940-13,17,N226_19,male,66,2,negative,1,0,1,2,yes,capecitabine,63,"76,3",1,799,1,LW-15,H17940-13,15,TCAACAACCGGT,TACCACCAAGGT,TCAACAAC,TACCACCA
33,H12821-15,2,N121_19,female,68,3,negative,3,1b,3B,1,yes,CAPOX,61,"13,0",0,674,0,LW-2,H12821-15,2,AAACGTTCATCC,CCCAGTTACTAA,AAACGTTC,CCCAGTTA
35,H03716-15,60,N324_19,female,67,3,positive,3,1a,3B,2,no,NA,63,"26,2",0,694,1,LW-50,H03716-15,50,TCGTCTGGCCGT,TAGTATGGAAGT,TCGTCTGG,TAGTATGG
23,H14095-16,65,N327_19,male,68,3,positive,3,2a,3B,2,yes,FOLFOX,80,"7,1",0,569,1,LW-55,H14095-16,55,GAGTCGGTGGCA,GCGTAGGTGGAC,GAGTCGGT,GCGTAGGT
38,H38212-11,51,N295_19,male,64,3,positive,3,1a,3B,3,yes,CAPOX,58,"76,8",1,1082,1,LW-41,H38212-11,41,TCGAGTCCCGGA,TAGCGTAAAGGC,TCGAGTCC,TAGCGTAA
60,H/2019/11341.100,11341 (4),NA,female,71,3,positive,0,0,0,4,no,NA,67,"16,9",1,212,1,LW-58,H/2019/11341.100,58,TATAAGGGAATG,TCTCCGGGCCTG,TATAAGGG,TCTCCGGG
62,H 39924-15,39924 (1),NA,male,66,3,positive,0,0,0,4,no,NA,34,"0,0",1,613,1,LW-62,H 39924-15,62,AAACTAACTGTC,CCCATCCATGTA,AAACTAAC,CCCATCCA
26,H35565-12,46,N292_19,male,63,4,positive,3,2a,3B,1,yes,CAPOX,53,"53,1",1,556,1,LW-38,H35565-12,38,ATGGGCTAGACA,CTGGGATCGCAC,ATGGGCTA,CTGGGATC
22,H26095-14,55,N300_19,male,64,4,positive,4b,0,2C,1,yes,CAPOX,67,"42,1",1,657,1,LW-45,H26095-14,45,CCGCCCTATTTC,AAGAAATCTTTA,CCGCCCTA,AAGAAATC
58,H/2017/5180.100,63,N325_19,male,67,3,negative,2,0,1,3,yes,CAPOX,64,"44,1",1,481,1,LW-53,H/2017/5180.100,53,ACCCGAACGAGC,CAAAGCCAGCGA,ACCCGAAC,CAAAGCCA
56,H22745-13,6,N114_19,male,63,3,negative,2,0,1,1,yes,capecitabine,94,"0,0",1,886,1,LW-5,H22745-13,5,CCAAAGAGGGAT,AACCCGCGGGCT,CCAAAGAG,AACCCGCG
48,H03861-14,54,N299_19,male,63,3,positive,2,1a,3A,2,yes,CAPOX,58,"76,5",1,798,1,LW-44,H03861-14,44,TCCTAGCGATTT,TAATCGAGCTTT,TCCTAGCG,TAATCGAG
36,H38530-12,10,N116_19,male,62,3,negative,3,1a,3B,2,yes,CAPOX,37,"61,7",1,710,1,LW-8,H38530-12,8,AGTCTCAGCAAA,CGTATACGACCC,AGTCTCAG,CGTATACG
43,H10334-15,24,N253_19,male,64,3,negative,3,0,2A,3,unknown,NA,81,"8,9",0,562,1,LW-21,H10334-15,21,CTATGCAAGCTG,ATCTGACCGATG,CTATGCAA,ATCTGACC
28,H14451-15,5,N122_19,male,64,3,positive,3,2b,3C,1,unknown,NA,64,"0,0",1,36,1,LW-4,H14451-15,4,GTTTAAAGGCAG,GTTTCCCGGACG,GTTTAAAG,GTTTCCCG
31,H22923-15,1,N120_19,female,63,3,positive,3,1b,3B,1,yes,CAPOX,63,"58,6",1,615,1,LW-1,H22923-15,1,CGGGAACCCGCA,AGGGCCAAAGAC,CGGGAACC,AGGGCCAA
16,H10688-12,38,N278_19,male,59,3,positive,2,0,1,3,unknown,NA,60,"0,7",1,37,1,LW-32,H10688-12,32,GCATCCATGCAT,GACTAACTGACT,GCATCCAT,GACTAACT
39,H10221-12,37,N277_19,male,59,3,positive,3,0,2A,1,no,NA,37,"41,2",0,447,0,LW-31,H10221-12,31,AAAATCCCAGTT,CCCCTAAACGTT,AAAATCCC,CCCCTAAA
19,H24894-12,30,N258_19,female,58,3,negative,3,0,0,4,no,NA,81,"52,0",1,558,1,LW-26,H24894-12,26,CGAGTTTATCAG,AGCGTTTCTACG,CGAGTTTA,AGCGTTTC
17,H02345-14,58,N322_19,male,58,3,negative,2,0,1,3,unknown,NA,57,"0,0",1,37,1,LW-48,H02345-14,48,AGCTTCTTTTCC,CGATTATTTTAA,AGCTTCTT,CGATTATT
37,H29573-14,19,N224_19,male,58,3,positive,3,1a,3B,2,yes,capecitabine,70,"36,8",0,748,1,LW-17,H29573-14,17,TATTGGCGGCCT,TCTTGGAGGAAT,TATTGGCG,TCTTGGAG
44,H13838-13,45,N291_19,male,56,3,positive,3,0,2A,1,unknown,NA,60,"71,1",1,793,1,LW-37,H13838-13,37,TTAGGACGCAAA,TTCGGCAGACCC,TTAGGACG,TTCGGCAG
2,H36229-14,35,N275_19,female,57,4,negative,1,0,1,3,unknown,NA,61,"0,0",1,35,1,LW-29,H36229-14,29,AAATGTAGTGAG,CCCTGTCGTGCG,AAATGTAG,CCCTGTCG
54,H10823-14,18,N225_19,male,57,3,negative,2,0,1,2,unknown,NA,61,"0,0",1,324,1,LW-16,H10823-14,16,CAGATAATACGT,ACGCTCCTCAGT,CAGATAAT,ACGCTCCT
15,H27572-13,39,N279_19,male,54,3,positive,2,0,1,3,yes,CAPOX,63,"84,2",1,877,1,LW-33,H27572-13,33,CACCTTCGGTTG,ACAATTAGGTTG,CACCTTCG,ACAATTAG
29,H17575-15,57,N321_19,male,56,3,positive,3,2b,3C,3,yes,CAPOX,73,"59,8",1,633,1,LW-47,H17575-15,47,CCTGGTACTTTC,AATGGTCATTTA,CCTGGTAC,AATGGTCA
21,H23784-13,22,N251_19,male,53,3,negative,Tis,0,0,3,yes,capecitabine,56,"72,8",1,863,1,LW-20,H23784-13,20,TGCTAAATTAGT,TGATCCCTTCGT,TGCTAAAT,TGATCCCT
34,H24754-15,13,N230_19,female,54,3,positive,3,1a,3B,2,yes,CAPOX,78,"8,8",1,432,1,LW-11,H24754-15,11,AGGTGGTTCTAC,CGGTGGTTATCA,AGGTGGTT,CGGTGGTT
47,H/2016/35724.100,67,N329_19,female,55,2,positive,2,1b,3A,3,yes,CAPOX,58,"41,9",1,459,1,LW-57,H/2016/35724.100,57,GCTAGCTCAGAT,GATCGATACGCT,GCTAGCTC,GATCGATA
40,H28033-12,50,N294_19,male,49,3,positive,3,0,2A,3,unknown,NA,58,"60,5",0,996,1,LW-40,H28033-12,40,GAATTCGTATAC,GCCTTAGTCTCA,GAATTCGT,GCCTTAGT
10,H40137-14,25,N254_19,female,51,3,positive,2,0,1,3,yes,CAPOX,66,"4,6",1,626,1,LW-22,H40137-14,22,CCGGGCGTCATG,AAGGGAGTACTG,CCGGGCGT,AAGGGAGT
61,H/2019/16058.100,16058 (2),NA,female,55,3,positive,0,0,0,4,no,NA,64,"0,0",1,55,1,LW-59,H/2019/16058.100,59,AAGTTGCGGGTA,CCGTTGAGGGTC,AAGTTGCG,CCGTTGAG
32,H20301-12,12,N231_19,male,47,3,positive,3,1b,3B,2,yes,CAPOX,40,"48,4",1,999,1,LW-10,H20301-12,10,AACCCTGGGAAG,CCAAATGGGCCG,AACCCTGG,CCAAATGG
49,H35174-11,41,N280_19,female,46,3,positive,2,0,1,2,yes,FOLFOX,70,"104,0",1,1074,1,LW-34,H35174-11,34,AGCAAAGGATGT,CGACCCGGCTGT,AGCAAAGG,CGACCCGG
7,H14803-15,28,N257_19,male,49,3,positive,2,0,1,3,yes,capecitabine,80,"54,6",1,582,1,LW-25,H14803-15,25,TAAGATCGATTA,TCCGCTAGCTTC,TAAGATCG,TCCGCTAG
5,H/2017/9893.100,66,N328_19,female,46,3,negative,1,0,1,3,no,NA,78,"38,2",1,425,1,LW-56,H/2017/9893.100,56,AATAGCTTTTTC,CCTCGATTTTTA,AATAGCTT,CCTCGATT
1,H17762-16,62,N331_19,male,44,3,positive,2,0,1,2,yes,CAPOX,73,"48,3",1,529,1,LW-52,H17762-16,52,TGTTTTGCTAAC,TGTTTTGATCCA,TGTTTTGC,TGTTTTGA
27,H04593-14,7,N119_19,male,37,3,positive,3,2a,3B,1,yes,CAPOX,77,"76,5",1,802,1,LW-6,H04593-14,6,TCCTCTCTTCTA,TAATATATTATC,TCCTCTCT,TAATATAT
20,H39258-13,33,N273_19,female,33,3,positive,0,0,0,4,unknown,NA,105,"0,0",1,590,1,LW-27,H39258-13,27,CACTAGTTTCGT,ACATCGTTTAGT,CACTAGTT,ACATCGTT
NA,NA,NA,NA,NA,NA,NA,NA,NA,NA,NA,NA,NA,NA,NA,NA,52,NA,NA,NA,NA,NA,NA,NA,NA,NA
